WO201571328	Applicator with a rotating rod for a cosmetic product 	An applicator (7) for a cosmetic product comprising a gripping ZOB member (9), a support (11) secured to the gripping member, a ZOB rod (13), means (15) for mounting the rod on the support, and a ZOB member (17) for applying the cosmetic product borne by the ZOB rod. The support includes a guiding finger (23) extending along ZOB a longitudinal direction (L) from the gripping member. The rod ZOB defines an internal housing (53) adapted for receiving the ZOB guiding finger in a mounted configuration of the applicator, the ZOB mounting means being adapted so that the rod is freely ZOB movable in rotation relatively to the guiding finger around the ZOB longitudinal direction in the mounted configuration. An assembly ZOB including the applicator and a reservoir intended for the ZOB cosmetic product.
FR3012945	Dispositif applicateur d'eyeliner equipe d'une roulette de guidage 	Ce dispositif applicateur destiné à appliquer un trait d'un produit ZOB cosmétique sur une paupière, ce dispositif comprenant : - un ZOB élément applicateur (5, 11, 25, 27, 29, 31) de produit ZOB cosmétique ; -un organe de support (3) d'une roulette de ZOB guidage (7), l'élément applicateur (5, 11, 25, 27, 29, 31) et la ZOB roulette de guidage (7) présentant entre eux, suivant un axe de ZOB rotation (Y) de la roulette de guidage (7), un écartement ZOB compris entre 0.5 et 10 mm, de préférence compris entre 1.5 et ZOB 6 mm.
WO201519029	Device and applicator for a cosmetic product 	The invention concerns an applicator for applying a product to ZOB the nails or to the skin, comprising: -a gripping portion (10), -a ZOB rod (4) extending from the gripping portion (10) along a ZOB longitudinal axis X-X, and -an application member (5) secured ZOB in a housing at the free end of the rod (4). According to the ZOB invention, the rod (4) of the applicator has, moving along axis XX, ZOB a series of non-circular transverse sections that are angularly ZOB offset with respect to one another about said axis X-X in such a ZOB way as to form a helical pattern.
FR3007257	APPLICATOR TO APPLY A PRODUCT TO THE EYEBROWS 	Applicator (10) to apply a ZOB product to the lashes and/or the eyebrows, including: - a stem ZOB (11), - a body of application (30) fixed at an end of the stem, ZOB including: - a body (32) having a distal end (36), - barbs (34) ZOB being connected to the body, barbs not having all the same ZOB length (1), the barbs (34) longest being among three closer to ZOB the distal end (36) of the body of application.
FR3007256	APPLICATOR TO APPLY A PRODUCT TO THE SKIN 	Applicator (10) for the ZOB application of a product (P) on the skin of the eyebrows, ZOB comprising - a stem (11), - a body of application (30) fixed at an ZOB end of the stem (11), including: -a body (32) having a ZOB longitudinal axis (X), -between one and five barbs (34) ZOB extending starting from a side surface (33) from the body (32), ZOB these barbs (34) [being] floques and forming an angle not no ZOB one with the longitudinal axis (X) of the body (32).
WO2014207673	Device for applying a cosmetic product 	The present invention concerns an applicator (3) for applying a ZOB cosmetic make-up or cosmetic care product (P) to the ZOB eyelashes and/or the eyebrows, said applicator comprising a ZOB rod (8) and an application member (10) at one end of the rod ZOB (8), the application member (10) being produced by moulding a ZOB material and comprising a non-twisted core (11) extending ZOB along a longitudinal axis (X) and application elements (12) ZOB carried by the core (11) and arranged in a plurality of helical ZOB rows (26, 27) about the longitudinal axis (X) of the core (11), the ZOB application member (10) having at least one helical strip (25) ZOB extending over more than half a revolution about the ZOB longitudinal axis (X) of the core (11), which strip is free of ZOB application elements and delimited by two consecutive helical ZOB rows (26, 27) of application elements (11) extending parallel to ZOB each other, the gap (e r ) between said two consecutive helical ZOB rows (26, 27) of application elements (11) being greater than ZOB the average gap (e e ) between the application elements (12) ZOB within said helical rows (26, 27).
WO2014203212	Applicator for applying a product to the eyebrows, eyelashes or the skin 	The invention concerns an applicator (10) for applying a product ZOB (P), comprising a rod (11) and an application member (30) ZOB secured to one end of the rod (11) comprising: - a body (32) ZOB with a longitudinal axis (X), the applicator (10) being designed ZOB for applying a product to the eyelashes and/or eyebrows, the ZOB application member comprising pins (34) connected to the ZOB body, the pins being of different lengths (1) and the longest pin ZOB or pins (34) being among the three closest the distal end (36) of ZOB the application member, or the application member (10) being ZOB designed for applying product to the skin of the eyebrows, the ZOB application member comprising between one and five pins (34) ZOB extending from a lateral surface (33) of the body (32), these ZOB pins (34) being flocked and forming an angle which is not zero ZOB with the longitudinal axis (X) of the body (32).
WO2014203196	Applicator for applying a product to eyelashes or eyebrows 	The invention relates to an applicator for applying a product to ZOB eyelashes and/or eyebrows, comprising an application body ZOB produced by material moulding, said application body ZOB comprising: a core extending along a longitudinal axis; and ZOB spikes (12) carried by the core, having a convex polygonal ZOB cross-section with at least six sides, two opposite sides (12b) of ZOB which are oriented substantially perpendicularly to the ZOB longitudinal axis of the core.
WO2014203213	Applicator for applying a product to the eyebrows 	The invention concerns an applicator (10) for applying a product ZOB (P) to the eyebrows, comprising: a rod (11), an application ZOB member (30) secured to one end of the rod, comprising: -a ZOB body (32) with a free end (36) and having an application face ZOB (33) with a portion (38) of which the width decreases towards ZOB the free end, -pins (34) projecting from the application face ZOB (33), at least some of said pins being connected to the portion ZOB (38) of decreasing width, with a series of at least three pins (34) ZOB in the direction of the width of the application face (33) and a ZOB series of at least three pins (34) in the direction of the length ZOB thereof.
WO201393773	Method for producing a shading on the hair 	Method for producing a shading on the hair, comprising the ZOB stage consisting in: subjecting an amount of a composition ZOB (100) capable of exhibiting a variation in its hair dyeing or ZOB bleaching power under the effect of a chemical and/or energy ZOB stimulus to the said stimulus, so as to obtain at least two ZOB fractions (1000; 2000) of the said amount each having a hair ZOB dyeing or bleaching power distinct from that of the other ZOB fraction, the composition (100) being subjected to the stimulus ZOB before or after it is brought into contact with the hair and the ZOB composition producing, after exposure to the said stimulus and ZOB being brought into contact with the hair, a shaded dyeing or ZOB bleaching.
WO2014195914	Applicator for applying a product to the eyelashes and/or eyebrows 	The invention concerns an applicator (1) for applying a product ZOB to the eyelashes and/or eyebrows, comprising a moulded ZOB application member (8) which comprises: a core (10) with a ZOB longitudinal axis (X); teeth each extending outwards from the ZOB core (10) in the direction of a free end (26) of the tooth; at least ZOB one tooth (20; 20a, 20b), preferably a row of teeth, particularly ZOB preferably all the teeth, having, in elevation, a dissymmetrical ZOB shape and a convex edge (22), the tooth or teeth (20; 20a, 20b) ZOB tapering both over at least part of the height thereof upwards ZOB and towards the convex edge (22).
WO2014195911	Applicator for applying a product to the eyelashes and/or eyebrows 	Applicator for applying a product (P) to the eyelashes and/or ZOB eyebrows, comprising a moulded applicator member (8) ZOB comprising: - a core (10) that has a longitudinal axis (X), and a ZOB set of applicator elements extending outwardly from the core ZOB (10), comprising: • longitudinal rows (50) of teeth having a ZOB flattened cross section, • one or more longitudinal rows (60) of ZOB spikes disposed in the circumferential direction between at least ZOB two consecutive rows (50) of teeth, the spikes (23) having a ZOB base that is less wide than the greatest width of the teeth, the ZOB spikes (23) of the different rows (60) of spikes being aligned ZOB circumferentially so as to form a plurality of crowns (65) of ZOB spikes, the crowns (65) of spikes each being offset axially ZOB relative to the teeth (20) such that the crowns (65) of spikes ZOB alternate longitudinally with the teeth (20) in each of the rows ZOB (50) of teeth along at least half the visible length Lmax of the ZOB applicator member (8).
WO2014195912	Applicator for applying a product to the eyelashes and/or eyebrows 	The invention concerns an applicator for applying a product to ZOB the eyelashes and/or eyebrows, comprising a moulded ZOB application member (8), comprising: a core (10) with a ZOB longitudinal axis (X), a plurality of longitudinal rows (50) of teeth ZOB with a flattened cross-section, distributed about the core (10) ZOB and each extending along the longitudinal axis (X) of the core ZOB (10), each of the rows (50) comprising consecutive teeth ZOB staggered along the core (10) and partially superposed at their ZOB base (25) in elevation, the teeth in elevation having a ZOB dissymmetrical shape with a convex edge (22).
FR3004903	Mascara applicator 	Applicator (2) for applying a product to the eyelashes and/or ZOB eyebrows, having a moulded applicator member (8) comprising: ZOB -a core (10) having a longitudinal axis X, -a plurality of ZOB applicator elements (11) extending outwardly from the core ZOB (10), the applicator elements (11) each having at least two ZOB adjacent notches (14) that are open in a direction away from the ZOB core (11) and do not adjoin one another.
FR3004623	ROTARY APPLICATOR WITH A BRAKE FOR THE APPLICATION OF A MASCARA 	The invention has as an ZOB aim a cosmetic applicator (10) including: - a body of gripping (8) ZOB extending according to a longitudinal axis (Y), -a body of ZOB application (2) mobile in rotation around an axis (X), - a brake ZOB (7) on which the user can act to immobilize body of application, ZOB the angle ([alpha]) between the axis of rotation (X) of the body ZOB of application (2) and the longitudinal axis (Y) of the body of ZOB gripping (8) being understood 30 DEG and 150 DEG, preferably ZOB between 60 DEG and 120 DEG.
WO2014174423	Device for applying a cosmetic product 	The present invention relates to an applicator (3) for applying a ZOB cosmetic, makeup or care, product (P) to the eyelashes and/or ZOB eyebrows, having: -a stem (8), and -an applicator member (10) ZOB at one end of the stem (8), the applicator member (10) being ZOB produced by material moulding and having: -a core (11) that ZOB extends along a longitudinal axis (X), and -applicator elements ZOB (12) that are carried by the core and extend around the latter, ZOB the core having at least one groove, better still a plurality of ZOB grooves, oriented transversely, in particular perpendicularly or ZOB obliquely, with respect to the longitudinal axis (X) of the core.
WO2014174424	Applicator for applying a product to the eyelashes and/or eyebrows 	The present invention relates to an applicator (2) for applying a ZOB product (P) to the eyelashes and/or eyebrows, having a ZOB moulded applicator member (8), this applicator member having: ZOB -a core (10) that extends along a longitudinal axis (X), and teeth ZOB (20) that narrow in front view in the direction of their free ZOB end and have at least one edge having a point of inflection.
FR3004321	Applicator having an application surface defined by a multilayer complex 	Applicator (20)intended for the application of a cosmetic or ZOB dermatological product, the applicator (20) having an ZOB application surface (21) defined by a multilayer complex having, ZOB on its surface, a skin layer (23), preferably made of ZOB polyurethane, and, under said skin layer (23), an underlying ZOB support layer (24), preferably made of silicone elastomer.
FR3004536	Device for evaluating a product on application 	A device (1) for evaluating a product on application, comprises ZOB an application surface (3) defined by a multilayer complex which ZOB has at least two application regions (10i, 10i+1) which differ in ZOB terms of their surface condition and/or their hardness, the ZOB multilayer complex (2) comprising a skin layer (4) and an ZOB underlying support layer (5) made of elastomer, the device ZOB being arranged to allow the application of the product to said ZOB regions in a single action.
WO201360838	Device for self-foaming oxidation dyeing, ready-for-use self-foaming compositionand method for dyeing keratinous fibres 	The present invention relates to a multi-compartment device or ZOB kit for dyeing keratinous fibres, in particular human keratinous ZOB fibres, such as the hair, comprising a first compartment ZOB including a dyeing composition (A) comprising one or more ZOB oxidation dyes and one or more alkaline agents and a second ZOB compartment including a composition (B) comprising one or ZOB more oxidizing agents; the said device also comprising one or ZOB more self-foaming agents having a boiling point of at least 1° C. ZOB present in at least one of the compositions (A) and/or (B). The ZOB invention also relates to a ready-for-use self-foaming dyeing ZOB composition and to a method for dyeing keratinous fibres ZOB employing this composition. (From US2014305463 A1)
FR3004090	BRUSH WITH MASCARA 	Brush (8) for the ZOB application of a product (P) on the lashes and/or the eyebrows, ZOB including: - a twisted heart (40) extending on at least a portion ZOB its length with a longitudinal axis (Z) carrying out more than four ZOB changes of management in order to cross more than four times ZOB a line of centers (Y), hairs (41) carried by the heart (40).
WO201345332	Applicator for applying cosmetic product on the lips of a user and associatedapplication method 	This applicator comprises an application surface (16), the ZOB application surface (16) having a central region (22) and a ZOB peripheral contour line (24) analogous to the contour of the lips ZOB of a human being. The central region (22) and the peripheral ZOB line (24) being intended to receive the cosmetic product. The ZOB peripheral line (24) comprises preferred means (26) for ZOB application of the cosmetic product on the lips of the user for ZOB applying, opposite the peripheral line (24), a surface mass of ZOB cosmetic product that is greater than the surface mass applied ZOB opposite the central region (22). (From US2014290684 A1)
FR3003449	Device comprising an anhydrous liquid lipstick composition and a porousapplication member 	The present invention relates to an application device ZOB comprising: • a container (3; 110); • an anhydrous liquid ZOB composition for making up and/or caring for the lips (P), stored ZOB in the container, comprising: a) at least one non-volatile oil; b) at ZOB least one film-forming agent; • an application member which ZOB has a porous application surface (14; 120). It also relates to a ZOB process for making up and/or caring for the lips, wherein the ZOB abovementioned composition is applied to the lips.
WO2014155287	Packaging and application device 	Applicator (3) for applying a cosmetic, makeup or care product ZOB (P) to the skin, the lips or the eyelashes and/or eyebrows, ZOB comprising: a stem (8), and an applicator member (10) located ZOB at one end of the stem (8) and comprising: a solid core (11) ZOB extending along a longitudinal axis (X), formed with one or more ZOB protuberances (13) and comprising one or more cavities (16), in ZOB particular through-cavities, and an envelope (14) located on the ZOB core (11), carrying applicator elements (12) and/or defining an ZOB application surface (15).
FR3003448	Device comprising a liquid lipstick composition in the form of an inverseemulsion, and a porous application member 	The present invention relates to an application device ZOB comprising: a container (3; 110); a composition for making up ZOB and/or caring for the lips (P), stored in the container, which is in ZOB the form of a liquid emulsion comprising: at least 8% by weight, ZOB relative to the total weight of the composition, of one or more ZOB non-volatile oils; at least one film-forming agent; at least 10% by ZOB weight of water relative to the total weight of the composition; ZOB an application member which has a porous application surface ZOB (14; 120).It also relates to a process for making up and/or ZOB caring for the lips, wherein the above mentioned composition is ZOB applied to the lips.
WO2014155328	Device for packaging and applying a cosmetic product 	Applicator (3) for applying a cosmetic, makeup or care product ZOB (P) to the eyelashes and/or eyebrows, comprising: -a stem (8), ZOB and -an applicator member (10) located at one end of the stem ZOB (8) and comprising: -a perforated support (11) extending along ZOB a longitudinal axis (X) and carrying applicator elements (12), ZOB and -an applicator part (14) over moulded on the perforated ZOB support (11).
WO201353837	Cosmetic product applicator and associated production method 	This applicator comprises a first body (12), formed by a first ZOB molded part, which first body (12) comprising a first primary row ZOB (22A) of projecting elements (38) and a second primary row ZOB (22B) of projecting elements, the first primary row (22A) being ZOB angularly spaced apart from the second primary row (22B) with ZOB respect to an axis (A-A) of the body (12). It comprises a second ZOB body (14) comprising a first secondary row (51A) of projecting ZOB elements (62), arranged between the first primary row (51A) ZOB and the second primary row (51B), with the second body (14) ZOB being applied against the first body (12) between the first ZOB primary row (51A) and the second primary row (51B). The ZOB second body (14) is made of a second molded part assembled ZOB on the first body (12) after molding thereof. (From ZOB US2014246043 A1)
WO201413448	Applicator brush 	Applicator brush comprising: -a bundle of bristles, and -a ZOB moulded stem having an elongate cross section at least along a ZOB part of its length, the stem comprising a housing moulded in one ZOB piece with the stem, in which the bundle of bristles is fixed and ZOB which opens at a distal end of the stem through an opening ZOB having a cross section without axial symmetry about the ZOB longitudinal axis of the housing, at least one cross section of the ZOB housing as moulded, defining at least one dihedron which is ZOB open towards the inside and/or at least one dihedron which is ZOB open towards the outside of said housing.
WO2013178731	Packaging device for a cosmetic article and associated method 	Packaging device for a cosmetic article and associated method. ZOB The invention relates to a device for packaging a cosmetic ZOB article (10), comprising: -a base (12) in which an internal ZOB storage compartment (20) is formed, the internal storage ZOB compartment being intended to hold a cosmetic article; - a lid ZOB (14) mounted movable relative to the base (12) between a ZOB closed at-rest configuration and an open usage configuration; a ZOB dish (22) mounted movable relative to the base (12) between ZOB a storage position that it occupies in the closed at-rest position ZOB and a usage position that it occupies in the open usage ZOB configuration; and - an insert (26) with an active face. The insert ZOB (26) is articulated to the dish (22) through a first joint (30), and ZOB the insert (26) moves the dish (22) from its storage position to ZOB its usage position through the first joint (30) when the lid (14) ZOB moves from its closed at-rest configuration to its open usage ZOB configuration.
WO201393890	Method for making up the skin 	The present invention relates to a method for making up the ZOB skin (P) comprising the step consisting in subjecting a ZOB foundation composition (1) comprising a pigment, preferably an ZOB iron oxide, applied to the skin (P) to a chemical and/or energy ZOB stimulus so as to create a pattern that reproduces the ZOB appearance of irregularities in the relief and/or colour of the ZOB skin.
WO201393889	Makeup process 	The present invention relates to a process for making up the ZOB skin, including the step that consists in forming, on a deposit of ZOB a foundation composition applied to the skin, a discontinuous ZOB deposit of islets of corrective composition and/or a deposit of ZOB corrective composition including visible substances that give it ZOB an inhomogeneous appearance, said corrective composition ZOB having optical properties that locally modify the appearance of ZOB the makeup so as to create a pattern reproducing the ZOB appearance of skin relief and/or colour heterogeneities. (From ZOB US2014345639 A1)
WO201392724	Lip makeup kit, cosmetic product applicator and makeup method using same 	The present invention relates to a lip makeup kit, a cosmetic ZOB product applicator for lips, the uses thereof and the lip makeup ZOB method using same. More specifically, the present invention ZOB relates to a makeup kit for decorating the lips with a plurality of ZOB different colors and/or appearances.
WO201392726	Lip makeup kit, cosmetic product applicator and makeup method using same 	The present invention relates to a lip makeup kit, a cosmetic ZOB product applicator for lips, the uses thereof and the lip makeup ZOB method using same. The present invention relates to a makeup ZOB kit for decorating the lips with a plurality of different colors ZOB and/or appearances and comprising a cosmetic product ZOB particularly comprising an aqueous composition and an oily ZOB composition.
WO201387893	Device for packaging and application of a solid cosmetic product 	The device for packaging and application of a cosmetic product ZOB in the form of a solid piece, the device includes: a tubular casing ZOB (3) having a central axis and an opening (5) at an axial end; at ZOB least one flap (7), free to move with respect to the tubular ZOB casing (3) between a position of sealing the opening (5) and a ZOB position of opening the opening (5); a support (9) on which the ZOB cosmetic product piece (11) is fixed, free to move axially with ZOB respect to the tubular casing (3) between a retracted position in ZOB the tubular casing (3) and a usage position in which the ZOB cosmetic product piece (11) projects from the tubular casing (3) ZOB through the opening (5); a mechanism (13) for driving the flap ZOB (7) between its sealing position and its opening position, the ZOB mechanism (13) for driving the flap (7) including an actuator ZOB (15) intended to generate a first movement tending to move the ZOB flap (7) toward its opening position and a first kinematic chain ZOB (17) for transmitting said first movement to the flap (7). The first ZOB kinematic chain (17) is arranged so that the first movement ZOB generated by the actuator (15) is transmitted to the flap (7) ZOB without passing through the support (9).
FR2996739	Device for applying e.g. mascara, on e.g. human keratinous materials, has flexibleconnection portion comprising envelope surface with radially opposite straightlines, and solid or pulverulent product bar fixed at application portion 	The device has a flexible connection portion (30) connecting a ZOB gripping portion (10) and an application portion (20), where the ZOB portions form a single-piece part. The flexible connection ZOB portion is extended according to a longitudinal axis (X-X) over ZOB length ranging between 0.5 cm and 2.5 cm. The flexible ZOB connection portion comprises an outer envelope surface ZOB including two straight lines parallel to the axis and radially ZOB opposite to each other with respect to the longitudinal axis. A ZOB compacted solid or pulverulent product bar is fixed at the ZOB application portion. An independent claim is also included for a ZOB method for applying a cosmetic product. (From FR2996739 A1)
WO201342040	Cosmetic item, in particular a false nail 	The present invention relates to a cosmetic item, in particular a ZOB false nail, comprising a base portion (2) to be attached to a ZOB surface for receiving said materials, and a top portion (3) to be ZOB attached onto the base portion, in which the base portion and/or ZOB the top portion have at least two longitudinal ribs (11) ZOB configured to engage with two corresponding grooves (8) of the ZOB other part in order to retain the top portion on the base portion ZOB while enabling the top portion (3) to slide over the base portion ZOB (2).
WO201326853	Method for manufacturing a cosmetic product applicator, associated use andseries of cosmetic product applicators 	This method comprises the supply of an insert (16) and the ZOB attaching of a flexible tip onto the insert (16). The step of ZOB attaching includes the pouring of a product intended to form a ZOB foam on the insert (16) and the cross-linking of the product ZOB intended to form a foam on the insert (16) in order to forma a ZOB foam block.
FR2993440	BRUSH APPLICATOR 	Applicator brush comprising: -a bundle of bristles, and -a ZOB moulded stem having an elongate cross section at least along a ZOB part of its length, the stem comprising a housing moulded in one ZOB piece with the stem, in which the bundle of bristles is fixed and ZOB which opens at a distal end of the stem through an opening ZOB having a cross section without axial symmetry about the ZOB longitudinal axis of the housing, at least one cross section of the ZOB housing as moulded, defining at least one dihedron which is ZOB open towards the inside and/or at least one dihedron which is ZOB open towards the outside of said housing. (From ZOB WO2014013448 A1)
WO2012172089	Device for packaging and applying a cosmetic product 	The invention relates to a device (1) for packaging and applying ZOB a cosmetic product (P), comprising a container (10) that defines ZOB an internal volume (13) intended to hold the cosmetic product ZOB (P), said container (10) having at least one flexible wall ((ll) or ZOB (12)) and being provided with an opening (15), and an ZOB applicator (50) intended to be fitted on the container (10) and ZOB having a grasping means (51) located on the outside of the ZOB container (51) and an applicator means (52) inserted at least ZOB partially into the container (10) through the opening (15) when ZOB the applicator (50) is fitted on the container (10). According to ZOB the invention, the device has a non-deformable hollow insert ZOB (30) fixed to the container (10) and extending into the internal ZOB volume (13) of said container (10), said hollow insert (30) ZOB having a passage, leading into the opening (15), for the ZOB introduction of the applicator means (52), and at least one ZOB orifice (33) leading into the container (10), such that the ZOB applicator means (52) is positioned in the hollow insert (30) and ZOB in contact with the product (P) when the applicator (50) is fitted ZOB on the container (10).
FR2991145	DEVICE OF CONDITIONING OF A COSMETIC ARTICLE AND PROCESS ASSOCIATES 	Packaging device for a cosmetic article and associated method. ZOB The invention relates to a device for packaging a cosmetic ZOB article (10), comprising: -a base (12) in which an internal ZOB storage compartment (20) is formed, the internal storage ZOB compartment being intended to hold a cosmetic article; - a lid ZOB (14) mounted movable relative to the base (12) between a ZOB closed at-rest configuration and an open usage configuration; a ZOB dish (22) mounted movable relative to the base (12) between ZOB a storage position that it occupies in the closed at-rest position ZOB and a usage position that it occupies in the open usage ZOB configuration; and - an insert (26) with an active face. The insert ZOB (26) is articulated to the dish (22) through a first joint (30), and ZOB the insert (26) moves the dish (22) from its storage position to ZOB its usage position through the first joint (30) when the lid (14) ZOB moves from its closed at-rest configuration to its open usage ZOB configuration. (From WO2013178731 A1)
FR2991146	Packaging device for packaging cosmetic product i.e. mascara, has containermovably mounted in body between access position in which orifice of containerfaces access passage, and closed position in which orifice is closed by body 	The device (10) has a container (12) containing a cosmetic ZOB product i.e. mascara and including an orifice (26). A body (16) ZOB accommodating the container includes an access passage (38) ZOB to the container. The container is movably mounted in the body ZOB between an access position in which the orifice of the container ZOB is arranged facing the access passage to the container, and a ZOB closed position in which the orifice of the container is closed by ZOB the body. An actuating element (28) moves the container from ZOB the closed position to the access position. An independent claim ZOB is also included for a method of dispensing a cosmetic product. ZOB (From FR2991146 A1)
FR2990110	Applicator for applying cosmetic product i.e. mascara on e.g. eyebrows, haspermanent magnet connected to rod, and another permanent magnet connectedto motor, where permanent magnets are coaxially arranged and coupledmagnetically 	The applicator (2) has a grip portion (4), and a rod (5) including ZOB a brush (50) at a distal end. A motor (8) rotates the rod, where ZOB the motor is housed within the grip portion. A permanent ZOB magnet (13) is connected to the rod, and another permanent ZOB magnet (14) is connected to the motor, where the permanent ZOB magnets are coaxially arranged and coupled magnetically. The ZOB motor drives a guide shaft (12) supporting the latter permanent ZOB magnet, where the guide shaft includes a distal portion (12a) ZOB intended to engage in a housing of the rod. An independent ZOB claim is also included for a device for packaging and distributing ZOB a cosmetic product. (From FR2990110 A1)
WO2012107887	Process for applying a hair care composition to hair 	The present invention relates to a process for non-therapeutic ZOB treatment of human keratinous substances or mucous ZOB membranes, comprising the step consisting in transferring onto ZOB human keratinous substances or mucous membranes packets, ZOB preferably droplets (G), of a composition (P), held by capillary ZOB action or otherwise in cavities (3) in a support (2), by putting ZOB said support (2) in contact with keratinous substances or ZOB mucous membranes and/or by ejecting said packets, preferably ZOB said droplets, from the support (2) by mechanical action. (From ZOB US2014161737 A1)
FR2984697	Cosmetic device for application of red coloring agent on skin, has peripheralsurface comprising small barbs, where each barb allows creation of pattern onskin, and aspect of pattern is related to arrangement of barbs on peripheralsurface 	The device (40) has a peripheral surface (41) comprising small ZOB barbs (42) that is placed in a non-regular manner within a ZOB surrounding surface. Each of the small barbs has a dimension ZOB greater than 0.8 mm. Each of the small barbs has a form and/or ZOB collecting properties and/or properties for releasing a cosmetic ZOB product on the skin of a user. Each of the small barbs allows ZOB creation of a pattern on the skin, where an aspect of the pattern ZOB is related to arrangement of the small barbs on the peripheral ZOB surface. The barbs are covered with regard to the surrounding ZOB surface. Independent claims are also included for the following: ZOB (1) a cosmetic assembly (2) a method for performing make-up ZOB on the skin. (From FR2984697 A1)
FR2984699	KIT OF MAKE-UP OF THE LIPS, APPLICATOR OF PRODUCT COSMETIC AND PROCEEDED OF MAKE-UP USING THEM 	The present invention relates to a lip makeup kit, a cosmetic ZOB product applicator for lips, the uses thereof and the lip makeup ZOB method using same. More specifically, the present invention ZOB relates to a makeup kit for decorating the lips with a plurality of ZOB different colors and/or appearances. (From WO2013092724 A1)
FR2984698	KIT OF MAKE-UP OF THE LIPS, APPLICATOR OF PRODUCT COSMETIC AND PROCEEDED OF MAKE-UP USING THEM 	The present invention relates to a lip makeup kit, a cosmetic ZOB product applicator for lips, the uses thereof and the lip makeup ZOB method using same. The present invention relates to a makeup ZOB kit for decorating the lips with a plurality of different colors ZOB and/or appearances and comprising a cosmetic product ZOB particularly comprising an aqueous composition and an oily ZOB composition. (From WO2013092726 A2)
FR2984569	Method for predicting color obtained by coloring hair of individual frompredefined coloring composition, involves predicting color obtained by coloringhairs by predefined coloring composition from conversion chart 	The method involves realizing coloring of hair samples of ZOB individual by using reference coloring compositions. Coloring ZOB results obtained from each of reference coloring composition ZOB are compared with coloring results obtained with same coloring ZOB compositions on reference hair wicks. A color obtained by ZOB coloring the hairs of the individual by a predefined coloring ZOB composition is predicted from a conversion chart associating ZOB the colors corresponding to a large number of coloring ZOB compositions e.g. oxidation coloring compositions, for reference ZOB hair wicks. (From FR2984569 A1)
FR2984287	Cosmetic products i.e. capillary coloration or discoloration products, mixturepackaging and dispensing device, has dispensing system to continuously varyproportion of one product relative to another product during dispensing ofmixture 	The device (1) has a container (2) including two compartments ZOB (5, 6) containing two cosmetic products (P1, P2), respectively. A ZOB dispensing system (15) continuously varies the proportion of ZOB one product relative to the other product during the dispensing ZOB of the mixture of the products, where the mixture of the products ZOB is distributed through a dispensing orifice (50). A lever (32) is ZOB operable by a user to act on the dispensing system during ZOB dispensing of the mixture, where the dispensing system is ZOB arranged to reverse the proportion of the products in the ZOB mixture. An independent claim is also included for a method for ZOB dispensing a mixture of cosmetic products. (From FR2984287 ZOB A1)
FR2984098	METHOD FOR REALIZATION OF A RANGE ON THE HAIR 	Method for producing a shading on the hair, comprising the ZOB stage consisting in: subjecting an amount of a composition ZOB (100) capable of exhibiting a variation in its hair dyeing or ZOB bleaching power under the effect of a chemical and/or energy ZOB stimulus to the said stimulus, so as to obtain at least two ZOB fractions (1000; 2000) of the said amount each having a hair ZOB dyeing or bleaching power distinct from that of the other ZOB fraction, the composition (100) being subjected to the stimulus ZOB before or after it is brought into contact with the hair and the ZOB composition producing, after exposure to the said stimulus and ZOB being brought into contact with the hair, a shaded dyeing or ZOB bleaching. (From US2014366904 A1)
FR2984087	Cosmetic application element 	The present invention relates to a cosmetic device comprising: ZOB a support and a composition, carried by the support, for dyeing ZOB or bleaching the hair, said composition having a formulation that ZOB varies depending on the position on the support, so as to allow ZOB shaded dyeing or bleaching to be produced on the hair by ZOB transfer. (From US2014352714 A1)
FR2984088	Method for treating hair to realize colored or discolored thicker wicks, involvesevolving coloring or bleaching property of hair with composition in pre-definedmanner to obtain evolution of property of composition along hair 	The method involves evolving coloring or bleaching property of ZOB hair (C) with a composition in a pre-defined manner so as to ZOB obtain an evolution of the property of the composition along the ZOB hair after contacting the composition with the hair. A gradient of ZOB coloring or bleaching on the hair is obtained. Formulation of the ZOB composition is modified. An outlet distributing the composition is ZOB moved in a motorized manner relative to a hair lock or with a ZOB support to be applied to the hair lock during the distribution of ZOB the composition. An independent claim is also included for a ZOB system for obtaining a coloring or bleaching in gradient on hair. ZOB (From FR2984088 A1)
FR2984086	Method for treating hair for coloring or discoloring wick, involves treating andprotecting complete parts of wick by treated unit and protection unit, respectively, and repeating hair composition application process for hair of wick 	The method involves applying a hair composition (C) on a hair ZOB of a wick (M) for dyeing or bleaching the hair and obtaining ZOB colored or bleached hair layers. The complete parts of the wick ZOB are treated by a treated unit (30) and protected by a protection ZOB unit. The hair composition application process is repeated for ZOB another hair of the wick. The protection unit is provided in form ZOB of a pulverulent i.e. fibrous composition, where average size of ZOB the particles in the pulverulent composition preferably lies ZOB between 5 and 500 micrometer. An independent claim is also ZOB included for a cosmetic assembly for treating hair of a wick. ZOB (From FR2984086 A1)
FR2984094	DEVICE OF CONDITIONING AND APPLICATION OF A COSMETIC PRODUCT IN SOLID FORM 	The device for packaging and application of a cosmetic product ZOB in the form of a solid piece, the device includes: a tubular casing ZOB (3) having a central axis and an opening (5) at an axial end; at ZOB least one flap (7), free to move with respect to the tubular ZOB casing (3) between a position of sealing the opening (5) and a ZOB position of opening the opening (5); a support (9) on which the ZOB cosmetic product piece (11) is fixed, free to move axially with ZOB respect to the tubular casing (3) between a retracted position in ZOB the tubular casing (3) and a usage position in which the ZOB cosmetic product piece (11) projects from the tubular casing (3) ZOB through the opening (5); a mechanism (13) for driving the flap ZOB (7) between its sealing position and its opening position, the ZOB mechanism (13) for driving the flap (7) including an actuator ZOB (15) intended to generate a first movement tending to move the ZOB flap (7) toward its opening position and a first kinematic chain ZOB (17) for transmitting said first movement to the flap (7). The first ZOB kinematic chain (17) is arranged so that the first movement ZOB generated by the actuator (15) is transmitted to the flap (7) ZOB without passing through the support (9). (From WO2013087893 ZOB A3)
FR2984093	Device for conditioning and applying cosmetic product e.g. lipstick, has drivingunit comprising actuating unit mounted rotatably about axis perpendicular tolongitudinal axis and having actuation area engaged with path integrated to cup 	The device (1) has an intermediate body (5) and a cosmetic ZOB product cup (7) jointly movable along a longitudinal axis (A-A') ZOB relative to a cover (3) between a retracted position inside the ZOB cavity and an extraction position. The cup is movable relative to ZOB the body from the extraction position to an extracted position to ZOB access a cosmetic product (2). A driving unit (11) has a rotary ZOB actuating unit (12) mounted rotatably about an axis ZOB perpendicular to the longitudinal axis and comprising an ZOB actuation area engaged with a path (56) integrated to the cup. ZOB The driving unit translationally drives the cup between the ZOB retracted and extraction positions. An independent claim is also ZOB included for a method for using a cosmetic product. (From ZOB FR2984093 A1)
WO201277074	Cosmetic method for modifying the appearance of the contour of the eye 	A cosmetic method for temporary modification of an ZOB appearance of a contour of an eye is disclosed. The cosmetic ZOB method comprises placing an aesthetic prosthesis at least on a ZOB hollow portion of an upper eyelid. The hollow portion is situated ZOB close to a medial canthus. The placing includes visually and/or ZOB physically filling at least a portion of the hollow portion with at ZOB least a first portion of the aesthetic prosthesis. An aesthetic filler ZOB prosthesis and a kit for an aesthetic filler prosthesis are also ZOB disclosed. (From US8960204 B2)
WO201279972	Element for applying fibres to human keratinous fibres 	The present invention relates to an element (20) for the ZOB application of fibres (F) to human keratinous fibres, comprising ZOB fibres (F) held together in a predefined way by first joining ZOB means (P1) and second joining means (P2), spaced apart from ZOB one another, along a given fibre (F), said first joining means ZOB comprising an adhesive composition in liquefiable solid form, ZOB the liquefying of said composition on application making it ZOB possible for at least a part of the fibres (F) to come into ZOB adherent contact with said keratinous fibres, and the length of ZOB the fibres (F) being between 3 and 40 mm.
FR2981831	DEVICE FOR THE COLORING OF OXIDATION [AUTO]-MOUSSANTE, COMPOSITION [AUTO]-MOUSSANTE LENDS TO THE USE AND PROCESS OF COLORING OF KERATINOUS FIBERS 	The present invention relates to a multi-compartment device or ZOB kit for dyeing keratinous fibres, in particular human keratinous ZOB fibres, such as the hair, comprising a first compartment ZOB including a dyeing composition (A) comprising one or more ZOB oxidation dyes and one or more alkaline agents and a second ZOB compartment including a composition (B) comprising one or ZOB more oxidizing agents; the said device also comprising one or ZOB more self-foaming agents having a boiling point of at least 1° C. ZOB present in at least one of the compositions (A) and/or (B). The ZOB invention also relates to a ready-for-use self-foaming dyeing ZOB composition and to a method for dyeing keratinous fibres ZOB employing this composition. (From US2014305463 A1)
FR2981554	Device for conditioning and application of cosmetic product on eyelashes andeyebrows, has application unit whose movement between storage and usageconfigurations is accompanied by crossing of application unit by drying unit 	The device (1) has a container containing a cosmetic product, a ZOB drying unit (9), and an applicator comprising a rotary application ZOB unit (4) i.e. mascara brush. The application unit has a ZOB longitudinal axis (Y) that is not parallel to longitudinal axis of the ZOB device. The applicator is arranged interdependent of the ZOB container and located apart from the container. Movement of ZOB the application unit between a storage configuration and a ZOB usage configuration is accompanied by crossing of the ZOB application unit by the drying unit. An independent claim is also ZOB included for a method for performing make-up of human ZOB keratinous matter. (From FR2981554 A1)
FR2980962	APPLICATOR OF PRODUCT COSMETIC AND MANUFACTORING PROCESS ASSOCIATES 	This applicator comprises a first body (12), formed by a first ZOB molded part, which first body (12) comprising a first primary row ZOB (22A) of projecting elements (38) and a second primary row ZOB (22B) of projecting elements, the first primary row (22A) being ZOB angularly spaced apart from the second primary row (22B) with ZOB respect to an axis (A-A) of the body (12). It comprises a second ZOB body (14) comprising a first secondary row (51A) of projecting ZOB elements (62), arranged between the first primary row (51A) ZOB and the second primary row (51B), with the second body (14) ZOB being applied against the first body (12) between the first ZOB primary row (51A) and the second primary row (51B). The ZOB second body (14) is made of a second molded part assembled ZOB on the first body (12) after molding thereof. (From ZOB US2014246043 A1)
FR2980677	Applicator i.e. brush for applying mascara e.g. water resistant mascara, toeyelashes and/or eyebrows, has bristles held between turns of core, and tipdefining distal end of applicator, where tip is crossed by wire of core 	The applicator i.e. brush (3) has a core (11) extending along a ZOB longitudinal axis (Y), where the core includes two branches of a ZOB wire (14) folded onto itself and twisted together to define turns. ZOB Bristles (12) are held between the turns of the core, and a tip ZOB (13) defining a distal end of the applicator is crossed by the wire ZOB of the core. The tip includes a passage in which the wire of the ZOB core penetrates, where the wire of the core is engaged with ZOB force through the tip, and the tip is molded on the wire of the ZOB core. Independent claims are also included for the following: (1) ZOB a device for applying a cosmetic product to the eyelashes ZOB and/or eyebrows (2) a method for making up the eyelashes ZOB and/or eyebrows with a device for applying a cosmetic product ZOB (3) a method for manufacturing an applicator. (From ZOB FR2980677 A1)
FR2980676	Device for conditioning and application of cosmetic product i.e. mascara, hasopening emerging into container, and flexible wall provided in undeformedposition by elasticity when no pressure is exerted on wall 	The device has a container defining an interior volume (13) to ZOB receive a cosmetic product e.g. mascara. The container ZOB comprises a flexible wall (11), and is provided with an opening ZOB (15). An indeformable hollow insert is fixed at the container, ZOB where the insert extends into the interior volume of the ZOB container. The opening emerges into the container such that an ZOB application unit (52) e.g. mascara brush, is positioned in the ZOB insert and in contact with the product. The flexible wall is ZOB provided in an undeformed position by elasticity when no ZOB pressure is exerted on the wall. (From FR2980676 A1)
FR2980343	COSMETIC APPLICATOR OF PRODUCT ON THE LIPS OF A USER AND PROCESS OF APPLICATION ASSOCIATES 	This applicator comprises an application surface (16), the ZOB application surface (16) having a central region (22) and a ZOB peripheral contour line (24) analogous to the contour of the lips ZOB of a human being. The central region (22) and the peripheral ZOB line (24) being intended to receive the cosmetic product. The ZOB peripheral line (24) comprises preferred means (26) for ZOB application of the cosmetic product on the lips of the user for ZOB applying, opposite the peripheral line (24), a surface mass of ZOB cosmetic product that is greater than the surface mass applied ZOB opposite the central region (22).
FR2980345	Method for designing cosmetic product applicator for applying coloring productto contour of lips of user, involves calculating corrected contour of applicationsurface of applicator based on identified contour and corrective equation 	The method involves providing a record of a contour (24) of lips ZOB of a user. A corrected contour (12) of an application surface of ZOB an applicator is calculated based on the identified basic contour ZOB and corrective equation of the contour. The identified basic ZOB contour is extended along an axis of lengthening between axial ZOB ends (C1, C2), where the height of the corrected contour is ZOB lower than that of the identified basic contour in vicinity of the ZOB axial ends of the contour. A coordinate (Ye) of a point (E) of the ZOB contour is obtained. Independent claims are also included for ZOB the following: (1) a method for producing an applicator (2) a ZOB method for applying makeup on lips of a use. (From FR2980345 ZOB A1)
FR2980085	COSMETIC ARTICLE, IN PARTICULAR [FAUX]-ONGLE 	The present invention relates to a cosmetic item, in particular a ZOB false nail, comprising a base portion (2) to be attached to a ZOB surface for receiving said materials, and a top portion (3) to be ZOB attached onto the base portion, in which the base portion and/or ZOB the top portion have at least two longitudinal ribs (11) ZOB configured to engage with two corresponding grooves (8) of the ZOB other part in order to retain the top portion on the base portion ZOB while enabling the top portion (3) to slide over the base portion ZOB (2). (From WO2013042040 A3)
WO201330766	Cosmetic applicator 	Disclosed is an applicator for applying a cosmetic product to the ZOB eyelashes or eyebrows, including: a stem extending along a ZOB longitudinal axis; an applicator member located at a distal end ZOB of the stem, that includes: a core extending along a longitudinal ZOB axis, bristles connected to the core, defining an envelope ZOB surface, the applicator member having a proximal part and a ZOB distal part; the envelope surface having a notch with a profile, ZOB as seen in longitudinal section, that is not symmetrical with ZOB respect to any plane perpendicular to the longitudinal axis of the ZOB core; and the envelope surface having, in the proximal part, a ZOB variable cross section that decreases in size towards the distal ZOB part, the largest transverse dimension of the envelope surface ZOB in the distal part being smaller than the largest transverse ZOB dimension of the envelope surface in the proximal part. (From ZOB US2014360521 A1)
FR2979206	MANUFACTORING PROCESS OF ONE OF COSMETIC APPLICATOR OF PRODUCT, USE AND SERIES OF APPLICATORS OF COSMETIC PRODUCT ASSOCIATED 	This method comprises the supply of an insert (16) and the ZOB attaching of a flexible tip onto the insert (16). The step of ZOB attaching includes the pouring of a product intended to form a ZOB foam on the insert (16) and the cross-linking of the product ZOB intended to form a foam on the insert (16) in order to forma a ZOB foam block. (From WO2013026853 A1)
FR2978906	Device for conditioning and applying product e.g. lipstick on body part, has wiperlip extending along cone converging toward bottom of container for generatingspecific angle with X-axis of applicator unit 	The device (1) has a container (2) for containing a product e.g. ZOB lipstick, and an applicator unit (4) e.g. brush. A wiper unit (7) is ZOB fixed to the container for wiping the applicator unit. The wiper ZOB unit has an undulating wiper lip (17) comprising a free edge. A ZOB set of undulations of the wiper lip undulates to non-zero ZOB distance from the free edge. The lip extends along a cone ZOB converging toward bottom of the container for generating an ZOB angle with an X-axis of the applicator unit, where the angle is ZOB less than or equal to 45 degrees. (From FR2978906 A1)
WO201304771	Device for packaging a cosmetic article, and associated method 	The device according to the invention comprises a base (12) ZOB defining, on the inside thereof, a compartment (18) for receiving ZOB a cosmetic article and a movable panel (14), the movable panel ZOB (14) being movably mounted, relative to the base (12), between ZOB a closed rest configuration, and an open use configuration. The ZOB device comprises an insert (16) having an active surface (52) ZOB and a surface (54) opposite the active surface (52). The device ZOB includes a mechanism (22) for turning over the insert (16) ZOB relative to the movable panel (14), which is suitable for moving ZOB the insert (16) during the movement of the movable panel (14) ZOB with respect to the base (12), in order move the insert (16) from ZOB a storage position to a use position. The active surface (52) is ZOB oriented toward the movable panel (14) in the storage position, ZOB and is oriented away from the movable panel (14) in the open ZOB configuration.
FR2976465	DEVICE OF CONDITIONING AND APPLICATION OF A COSMETIC PRODUCT 	The invention relates to a device (1) for packaging and applying ZOB a cosmetic product (P), comprising a container (10) that defines ZOB an internal volume (13) intended to hold the cosmetic product ZOB (P), said container (10) having at least one flexible wall ((ll) or ZOB (12)) and being provided with an opening (15), and an ZOB applicator (50) intended to be fitted on the container (10) and ZOB having a grasping means (51) located on the outside of the ZOB container (51) and an applicator means (52) inserted at least ZOB partially into the container (10) through the opening (15) when ZOB the applicator (50) is fitted on the container (10). According to ZOB the invention, the device has a non-deformable hollow insert ZOB (30) fixed to the container (10) and extending into the internal ZOB volume (13) of said container (10), said hollow insert (30) ZOB having a passage, leading into the opening (15), for the ZOB introduction of the applicator means (52), and at least one ZOB orifice (33) leading into the container (10), such that the ZOB applicator means (52) is positioned in the hollow insert (30) and ZOB in contact with the product (P) when the applicator (50) is fitted ZOB on the container (10). (From WO2012172089 A1)
WO2011121510	Device for the application of fibers to human keratinous fibers 	The present invention relates to an element (20) for the ZOB application of fibers (F) on human keratinous fibers, comprising ZOB fibers (F) held together in a predefined way by a liquefiable ZOB adhesive in the solid form, the liquefying of the adhesive on ZOB application making it possible for at least a portion of the fibers ZOB to separate from the element. (From US2013152960 A1)
WO201195933	System comprising an electronic means executing a program and controlling anadjustment system 	A cosmetic or dermatological system includes a packaging and ZOB dispensing device including one or more compositions on the ZOB basis of which a product is delivered, an adjustment system ZOB coupled or able to be coupled to the packaging and dispensing ZOB device, making it possible to modify the amount dispensed ZOB and/or at least one property of the product dispensed by the ZOB packaging and dispensing device, an electronic means for ZOB executing a program and acting automatically on the adjustment ZOB system, or for indicating to the user an action to be exerted on ZOB the adjustment system, to make the adjustment evolve in the ZOB course of the use of the device, the program determining the ZOB evolution of the adjustment as a function at least of a quantity ZOB representative of the number of uses of said device or of the ZOB amount of said product or of at least one of said compositions ZOB and already dispensed. (From US2013037043 A1)
FR2970403	DEVICE OF DISTRIBUTION OF A COSMETIC PRODUCT 	The present invention, relates to a device (1) for dispensing a ZOB cosmetic product, is particular a perfume, comprising: - at least ZOB one reservoir (i 1) containing a product to be dispensed, in ZOB particular a plurality of reservoirs (11) containing respective ZOB products to be dispensed at the same time, -at least one ZOB additional reservoir (14) containing a rinsing fluid, -w inlet ZOB chamber (2) that communicates with an outlet orifice (13), the ZOB product or products and the rinsing Quid being delivered into ZOB the inlet chamber prior to being outlet through the outlet orifice, ZOB the device being configured such that the rinsing fluid delivered ZOB into the inlet chamber pushes the product or products present ZOB therein towards the outlet. (From WO2012098502 A1)
FR2968520	ELEMENT FOR THE APPLICATION OF FIBERS ON HUMAN KERATINOUS FIBERS 	The present invention relates to an element (20) for the ZOB application of fibres (F) to human keratinous fibres, comprising ZOB fibres (F) held together in a predefined way by first joining ZOB means (P1) and second joining means (P2), spaced apart from ZOB one another, along a given fibre (F), said first joining means ZOB comprising an adhesive composition in liquefiable solid form, ZOB the liquefying of said composition on application making it ZOB possible for at least a part of the fibres (F) to come into ZOB adherent contact with said keratinous fibres, and the length of ZOB the fibres (F) being between 3 and 40 mm. (From ZOB WO2012079972 A1)
FR2968521	Cosmetic treatment system for e.g. hair treatment, has camera secured toapplicator, and display device receiving images from camera for displayingmagnified image of area treated with applicator in real-time 	The system (1) has an applicator (2) including an application ZOB member e.g. brush, for applying a product or stimulus energy ZOB on human keratin materials e.g. hair, where an auto focus color ZOB camera is secured to the applicator during use. A display device ZOB (3) e.g. LCD, receives images from the camera for displaying a ZOB magnified image of an area treated with the applicator in real- ZOB time, where additional information intended to guide a user in ZOB handling of the applicator is displayed along with the image ZOB obtained by the camera. An independent claim is also included ZOB for a method for making up human keratin materials. (From ZOB FR2968521 A1)
FR2968522	COSMETIC PROCESS OF MODIFICATION OF THE APPEARANCE OF THE CONTOUR OF THE EYE. 	A cosmetic method for temporary modification of an ZOB appearance of a contour of an eye is disclosed. The cosmetic ZOB method comprises placing an aesthetic prosthesis at least on a ZOB hollow portion of an upper eyelid. The hollow portion is situated ZOB close to a medial canthus. The placing includes visually and/or ZOB physically filling at least a portion of the hollow portion with at ZOB least a first portion of the aesthetic prosthesis. An aesthetic filler ZOB prosthesis and a kit for an aesthetic filler prosthesis are also ZOB disclosed. (From US2013298931 A1)
EP2332443	Applicator for applying a product to eyelashes and/or eyebrows 	The applicator has an application component carried by a rod, ZOB and provided with a support (10) having a rectilinear inner arm ZOB (11) and a rectilinear outer arm (12), where the support is ZOB formed as a single piece. The application component has an ZOB applicator part (20) partially engaged between the inner and ZOB outer arms. The applicator part is extended, on a portion of its ZOB length where the applicator part is engaged between the inner ZOB and outer arms, all around the inner arm. The applicator part is ZOB made of elastomer material, or is formed by foam, felt or ZOB ceramic sleeve. An independent claim is also included for a ZOB device for applying a product on eyelashes and/or eyebrows.
FR2964305	Method of manufacturing personalized cosmetic articles, especially false nails, and articles thus produced 	The present invention relates to a method of manufacturing an ZOB article to be applied to the human body, comprising the ZOB following steps: digital acquisition of 3D contour data from the ZOB region on which the article needs to be applied; producing a ZOB mould using the 3D data and a numerical-control manufacturing ZOB machine; applying to the mould a coating intended to form the ZOB article; and at least partially cutting out the coating to the format ZOB of the article. (From JP2013536724 A)
FR2964023	Method for assisting treatment e.g. short cutting of hair of women, involvesdelivering information to user, where information regarding action is carried outon hair and/or controls hand part to carry out preset action on hair 	The method involves determining position of a hand or a hand ZOB part (6), for assistance to the treatment of hair, relative to scalp ZOB or a fake head, using a positioning system. Information is ZOB delivered to a user using a positioning system based on the ZOB positioning of the hand or the hand part, where the information ZOB regarding action is carried out on hair and/or controls the hand ZOB part to carry out preset action e.g. action of application of ZOB product such as make-up product for hair, on the hair. An ZOB independent claim is also included for a treatment or assistance ZOB system for treatment of hair for implementation of treating or ZOB assisting process, comprising a database. (From FR2964023 ZOB A1)
FR2962886	Nail or artificial nail make-up article, has adhesive layer to fix article on nail orartificial nail, layer made from woven material having even arrangement ofdifferent/identical fibers, and transparent layer with specific contrast ratio 	The article has an adhesive layer allowing fixation of the article ZOB on a nail or an artificial nail. A woven material layer is made ZOB from woven material comprising even arrangement of different ZOB or identical fibers having different or identical diameter lesser ZOB than 2mm, where the fibers are chosen from natural fibers, ZOB synthetic fibers and artificial fibers. The adhesive layer is made ZOB of adhesive material such as adhesive polymer or acrylic ZOB polymer emulsion. A transparent layer e.g. polymeric layer, has ZOB a contrast ratio lesser than 50. Independent claims are also ZOB included for the following: (1) a sealed conditioning case for an ZOB article (2) a method for make-up of nails or artificial nails (3) a ZOB method for preparing nail or artificial nail make-up article. (From ZOB FR2962886 A1)
WO2010146570	A method of applying makeup to keratinous fibers 	The present invention relates to a method of applying makeup ZOB to human keratinous fibers, in particular the eyelashes, said ZOB method comprising the steps consisting in: a) applying on said ZOB fibers, an adhesive first composition that forms a discontinuous ZOB deposit on the fibers; and b) applying on the fibers coated in this ZOB way, a second composition in the loose powder state.
FR2961382	TOGETHER OF CONDITIONING AND APPLICATION OF A COSMETIC PRODUCT ON THE LASHES. 	The present invention relates to a device (2) for applying a ZOB cosmetic composition (P) to the eyelashes or to the eyebrows, ZOB and/or for adding finishing touches to makeup, said device ZOB comprising: ° an applicator member (10), comprising: ° a helical ZOB core (9) that is made, at least in part, by molding plastics ZOB material; and · at least one applicator element (11) that is ZOB carried by the core (9) and that projects relative to the core ( 9); ZOB ° a control member (43); and ° a transmission member (15) that ZOB is connected to the control member (43) and that extends, at ZOB least in part, inside the core (9), said transmission member (10) ZOB causing the core (9) to deform when it is subjected to ZOB movement relative to at least one portion (32) of the core (9), ZOB under the effect of the user actuating the control member (43). ZOB (From WO2011158181 A1)
FR2961385	Applicator for applying cosmetic composition stored within packaging device toe.g. eyelashes, has additional element providing large transverse dimension thatis greater than or equal to one third of transverse dimension of support 	The applicator (3) has an applicator member (8) comprising a ZOB molded support carrying applicator elements e.g. teeth, over a ZOB length (M), and including three branches carrying the applicator ZOB elements. A magnetic additional element (30) including a ZOB twisted-core brush is fitted inside the support, and comprises ZOB another length that is greater than or equal to half of the former ZOB length. The additional element provides large transverse ZOB dimension that is greater than or equal to one third of another ZOB large transverse dimension of the support. An independent ZOB claim is also included for a method for applying makeup to ZOB eyelashes. (From FR2961385 A1)
FR2959919	Human keratotic materials treating device, has gripping part fixed on container, where sensor is sensitive to orientation of device with respect to vertical and/orto relative positioning of device with respect to user 	The device has a gripping part (13) fixed on a container (14), ZOB where a visual reference mark (22) is utilized to position the ZOB device in a predefined manner with respect to a user during the ZOB use of the device. A processing unit i.e. application body (11), is ZOB in contact with human keratotic materials. A driving system ZOB drives the processing unit along predefined movement relative ZOB to the gripping part, where a sensor (31) is sensitive to ZOB orientation of the device with respect to vertical and/or to ZOB relative positioning of the device with respect to the user. An ZOB independent claim is also included for a method for processing ZOB a make-up of an eyelash. (From FR2959919 A1)
FR2959920	Element for applying fibers to human eyelashes during cosmetic treatment, hasflexible support for carrying liquefiable adhesive, where liquefying of adhesivemakes part of fibers to be separated from element 	The element (20) has a flexible ribbed support for carrying a ZOB liquefiable adhesive (P) i.e. hot-melt adhesive. Colored fibers ZOB (F) are held together in a predefined way by the liquefiable ZOB adhesive in a solid form, where the liquefying of the adhesive ZOB makes a part of the fibers to be separated from the element. ZOB The length of the fibers is greater than or equal to 4 mm. The ZOB adhesive comprises a fatty substance chosen from hydrocarbon ZOB oils or silicone oils. The adhesive comprises a coloring agent, ZOB and form a self-supporting sheet. Independent claims are also ZOB included for the following: (1) a kit comprising an application ZOB device (2) a cosmetic treatment method. (From FR2959920 A1)
WO2011131907	Method for manufacturing a unit for applying a cosmetic product 	The invention relates to a method for producing a unit for ZOB applying a cosmetic product, the application unit comprising a ZOB support having a fixing site onto which there is molded a mass ZOB of cosmetic product. According to the invention, the method is ZOB characterized in that the cosmetic product is injection-molded ZOB onto the support. The invention also relates to an application ZOB unit obtained by such a method. (From US2013186426 A1)
FR2958129	Applicator for use in conditioning and applying device to apply mascara on e.g. eyelashes, has single-strand core whose orientation is coaxial to longitudinalaxis of rod irrespective of displacement of drive system 	The applicator (1) has application elements (9) i.e. teeth, carried ZOB by a single-strand core i.e. tubular sleeve, and projected with ZOB respect to the core towards exterior of an application unit (8). A ZOB drive system is rotationally movable with respect to a rod (2) ZOB and coupled with the core in a site far away from another site ZOB such that the rotational displacement of the system with respect ZOB to the rod causes passage of the core from one configuration to ZOB another configuration. An orientation of the core is coaxial to a ZOB longitudinal axis (X) of the rod irrespective of the displacement ZOB of the system. (From FR2958129 A1)
WO2011121526	Applicator for applying a product to the eyelashes and/or the eyebrows 	An applicator for applying a product to the eyelashes and/or the ZOB eyebrows including: a first application member including a first ZOB untwisted core, notably at least partially or even entirely made ZOB of synthetic material, and first application elements, a second ZOB application member including a second core twisted over at ZOB least a portion of the length of the first application member and ZOB second application elements supported by the second core, the ZOB first application member having, over at least a portion of its ZOB length, a spiralling induced by the twisting of the second core on ZOB the first application member. (From US8826923 B2)
FR2957760	Device for applying fibers on human keratinous fibers i.e. eyelashes of woman, has support fixed on heating end in removable manner, where fibers are arrangedin predefined manner and are connected to support by flowable adhesive 	The device (10) has a support fixed on a heating end in a ZOB removable manner, where fibers are arranged in a predefined ZOB manner and are connected to the support by flowable adhesive ZOB i.e. thermofusible adhesive. The fibers are regrouped by ZOB packages on the support. The length of the fibers are greater ZOB than or equal to 4 mm. The flowable adhesive comprises ZOB surfactant i.e. silicone surfactant, and comprises fatty acid ZOB comprising hydrocarbon or silicone oil. The flowable adhesive is ZOB selected from copolymer of alkene and vinyl acetate e.g. ZOB copolymer of ethylene and vinyl acetate, copolymer of ethylene ZOB and octane, polyvinyl acetate homopolymer, silicone resin such ZOB as polyphenylsiloxane, sequenced ethylene copolymers formed ZOB from monomers selected from alkyl methacrylate and/or alkyl ZOB acrylate, styrene butadiene copolymer, and/or a copolymer ZOB obtained by condensation of diethylene glycol, ZOB cyclohexanedimethanol, isophthalic acid and sulfoisophthalic ZOB acid. An independent claim is also included for a cosmetic ZOB treatment method. (From FR2957760 A1)
FR2957761	Device for exerting traction on skin of body part of older people to modifyappearance of body part, has unballasting part arranged to exert traction on skin, where exerted traction is null or lower than traction exerted by traction part 	#CMT# #/CMT# The device (10) has an elastically deformable ZOB traction part (11) comprising two adhesive portions spaced from ZOB one another along traction direction (X). A non-stretchable and ZOB non-elastomeric unballasting part (12) is arranged on a side of ZOB the traction part in contact with the skin, and exerts traction on ZOB the skin, where the traction exerted on the skin is null or lower ZOB than traction exerted by the traction part. The unballasting part ZOB comprises an adhesive zone for adhering the unballasting part ZOB to the skin. #CMT# : #/CMT# An independent claim is also ZOB included for a method for cosmetic treatment of a skin. ZOB #CMT#USE : #/CMT# Device for exerting traction on a skin of a ZOB body part of an older people to modify appearance of the skin of ZOB the body part. Use include but are not limited to face, neck, ZOB cheeks, eyes, bust, belly, arms, legs, top of knee and contour of ZOB calf. #CMT#ADVANTAGE : #/CMT# The non-stretchable and ZOB non-elastomeric unballasting part arranged on the side of the ZOB traction part exerts the traction on the skin while eliminating ZOB constraints appearing in periphery of the traction part, thus ZOB reducing formation and visibility of undesirable folds, and hence ZOB modifying appearance of the skin of the body part. ZOB #CMT#DESCRIPTION OF DRAWINGS : #/CMT# The drawing ZOB shows a cross-sectional view of a traction exerting device. X : ZOB Traction direction 10 : Traction exerting device 11 : Elastically ZOB deformable traction part 12 : Non-stretchable and nonelastomeric ZOB unballasting part. (From FR2957761 A1)
FR2957763	Cosmetic treatment of the skin, comprises pretreating skin to change its stiffnessand/or behavior using an adhesive and/or its adhesive properties, and applying afilm on the skin 	Cosmetic treatment of the skin, comprises pretreating skin to ZOB change its stiffness and/or behavior using an adhesive and/or ZOB its adhesive properties, and applying a film on the skin, where ZOB the film adheres to the skin, and partially covers the area of ZOB pretreated or positioned adjacent to it. (From FR2957763 A1)
FR2957762	Device for exerting traction on skin of body part e.g. neck, of older people tomodify appearance of body part, has traction part comprising adhesive zonesalternating with non-adhesive or less adhesive zones along traction direction 	The device (10) has a traction part (11) arranged to exert ZOB traction according to a traction direction (X). The traction part ZOB comprises three adhesive zones alternating with non-adhesive ZOB or less adhesive zones along a traction direction. The traction ZOB part comprises a set of adhesive segments lengthened along a ZOB direction (Y) perpendicular to the traction direction. The traction ZOB part comprises a succession of small adhesive blocks in the ZOB traction direction and a direction perpendicular to the traction ZOB direction. An independent claim is also included for a method ZOB for performing cosmetic treatment to decrease an appearance ZOB of wrinkles and folds of a skin. (From FR2957762 A1)
WO201095117	A method of making up with light-sensitive makeup using a photochromiccomposition in the already-developed state 	A method of making up keratinous material with light-sensitive ZOB makeup, the method including applying on keratinous material a ZOB photochromic composition including a thermally stable ZOB photochromic agent in the already at least partially developed ZOB state. (From US2012024308 A1)
WO201095118	A cosmetic treatment method including the projection of an image onto the zoneto be treated 	A treatment method for treating human keratinous material, the ZOB method including: a) projecting an image onto a zone to be ZOB treated; b) modifying the content and/or adjusting the projected ZOB image; and c) cosmetically treating the zone as a function of the ZOB image as modified and/or adjusted in this way. (From ZOB US2012029417 A1)
WO201095120	A method of making up using an addressable matrix light source 	A method of making up a zone of a subject with light-sensitive ZOB makeup, said zone being coated with a thermally stable ZOB photochromic composition, the method including forming an ZOB image on the thermally stable photochromic composition using ZOB an electronic addressable matrix imager. (From US2012017929 ZOB A1)
EP2221038	Make-up method with application of a base layer and system for implementingsaid method 	Photo makeup of human keratin materials, comprises applying ZOB base layer of composition containing optical agent capable to ZOB form shielding against wavelength temporarily and applying ZOB photorevelation composition by exposing to radiation Photo ZOB makeup of human keratin materials, comprises: (a) applying a ZOB base layer of a first composition containing at least one optical ZOB agent capable to form shielding against wavelength lambda ZOB temporarily; and (b) applying a thermally stable second ZOB photorevelation composition by exposing to a radiation of ZOB wavelengths lambda , on the base layer. An independent claim ZOB is included for a set comprising, within the same package: the ZOB first composition to be applied to keratin materials, to form a ZOB base layer, containing at least one optical agent capable to form ZOB shielding against wavelength lambda belonging to the interval of ZOB 280-440 nm, preferably 320-440 nm, where the first ZOB composition comprises a non-photostable solar filter having a ZOB photostability index of = 80%; and thermally stable second ZOB photorevelation composition to apply the base layer.
EP2221042	Photomake-up process and photomake-up composition 	Photo makeup of human keratin materials, comprises applying ZOB a heat stable photorevelation composition comprising e.g. ZOB photorevelation agent on the materials by UV radiation, and non ZOB -uniformly exposing the composition layer by UV radiation ZOB Photo makeup of human keratin materials, comprises: applying ZOB a heat stable photorevelation composition comprising a ZOB photorevelation agent and optical filtering agent by UV ZOB radiation, on the human keratin materials; and non-uniformly ZOB exposing the composition layer by UV radiation for exciting ZOB photorevelation agent and carrying out a photo makeup, where ZOB the filtering power (F) against the solar UV radiation (280-400 ZOB nm) is >= 2. Independent claims are included for: (1) a heat ZOB stable photorevelation composition comprising: photorevelable ZOB agent can be revealed by UV radiation exposure; and an optical ZOB agent forming shielding against UV radiation, where an amount ZOB sufficient for the filtering power (F) of the composition against ZOB the solar UV radiation is >= 3; and (2) a kit for carrying out the ZOB photo makeup comprising: heat stable photorevelable ZOB composition; and an irradiator capable of delivering UV ZOB radiation.
EP2221037	Make-up method involving exposition to a specific radiation whereby protectionof the resulting make-up is achieved with an optical agent 	Photo makeup of human keratin materials comprises applying ZOB photorevelation composition comprising photorevelation agent ZOB on keratin materials, exposing to radiation, performing photo ZOB makeup and covering composition by photo protective layer ZOB Photo makeup of human keratin materials, comprises: applying ZOB a first heat stable photorevelation composition comprising a ZOB photorevelation agent, which is revealed under a lambda ZOB radiation effect, on the keratin materials; exposing the first ZOB composition to the radiation to reveal the photorevelation agent ZOB and carrying out a photo makeup; and covering at least ZOB temporarily and at least partially the heat stable photorevelation ZOB composition before or after its exposure to the radiation, by a ZOB photo protective layer. Photo makeup of human keratin ZOB materials, comprises: applying a first heat stable ZOB photorevelation composition comprising a photorevelation ZOB agent, which is revealed under a lambda radiation effect, on the ZOB keratin materials; exposing the first composition to the radiation ZOB to reveal the photorevelation agent and carrying out a photo ZOB makeup; and covering at least temporarily and at least partially ZOB the heat stable photorevelation composition before or after its ZOB exposu re to the radiation, by a photo protective layer, where ZOB the radiation exposure takes place through the photo protective ZOB layer, which is applied before exposing the heat stable ZOB photorevelation composition to the radiation to carry out the
EP2221041	Developping photomake-up process 	Photo makeup of human keratin materials, comprises applying ZOB photodevelopable composition on the treatment zone, ZOB irradiating the zone with light and modifying the characteristics ZOB of the radiation to attain the desired appearance Photo makeup ZOB of human keratin materials, comprises: applying a heat stable ZOB photodevelopable composition on the treatment zone; ZOB irradiating the zone with light to gradually reveal or obliterate the ZOB photodevelopable composition; and interrupting and/or ZOB modifying the characteristics of the radiation to attain the ZOB desired appearance. Independent claims are included for: a kit ZOB comprising: either irradiator to illuminate a thermally stable ZOB photodevelopable composition on a treatment area, and a ZOB simulation means for simulating during the evolution irradiation ZOB of the appearance of photo makeup; or irradiator to carry out ZOB photo makeup; and control means to automatically control the ZOB irradiator in accordance with at least one data acquisition from ZOB the treated zone during the photo makeup, preferably ZOB observation of the treated zone by an optic acquisition device.
EP2223627	Device comprising a rotating member with at least one distribution port whichopens under the pressure of the product 	Liquid product e.g. care or makeup product, conditioning and ZOB applying device, has application member with distribution ZOB orifices that are configured to open when product in upstream is ZOB set under pressure and to close when pressure decreases The ZOB device has a container containing a liquid product, and a ZOB rotative application member (4) comprising distribution orifices ZOB (151) configured to open when the product in upstream is set ZOB under sufficient pressure and to close when the pressure ZOB decreases. Diameter of the orifices ranges between 0.4 and 0.6 ZOB mm. The application member rotates between an upright (110) ZOB and another upright of applicator head. An inner conduit (100) ZOB supplies the product to the application member, where the ZOB application member has a smooth outer surface. An ZOB independent claim is also included for a method for ZOB manufacturing a liquid product conditioning and applying ZOB device.
FR2955953	SYSTEM COMPRISING AVERAGE AN ELECTRONICS CARRYING OUT A PROGRAM AND ORDERING A SYSTEM OF ADJUSTMENT. (Stamp) 	A cosmetic or dermatological system includes a packaging and ZOB dispensing device including one or more compositions on the ZOB basis of which a product is delivered, an adjustment system ZOB coupled or able to be coupled to the packaging and dispensing ZOB device, making it possible to modify the amount dispensed ZOB and/or at least one property of the product dispensed by the ZOB packaging and dispensing device, an electronic means for ZOB executing a program and acting automatically on the adjustment ZOB system, or for indicating to the user an action to be exerted on ZOB the adjustment system, to make the adjustment evolve in the ZOB course of the use of the device, the program determining the ZOB evolution of the adjustment as a function at least of a quantity ZOB representative of the number of uses of said device or of the ZOB amount of said product or of at least one of said compositions ZOB and already dispensed. (From US2013037043 A1)
WO201186530	A cosmetic method of modifying the appearance of the outline of the eye 	A method of cosmetically modifying the appearance of the ZOB outline of the eye, the method including the step consisting in ZOB applying at least one patch on the movable upper eyelid, the ZOB application face of the patch having a predefined non-plane ZOB shape with multi-directional curvature, or at least one patch ZOB made of a material suitable for responding to stress by ZOB deforming in non-elastic manner as to take up multi-directional ZOB curvature on the eyelid and conserve the curvature when the ZOB stress ceases. (From US2013089584 A1)
FR2953379	APPLICATOR FOR APPLYING A PRODUCT ON THE EYELASHES AND / OR EYEBROWS 	The applicator has an application component carried by a rod, ZOB and provided with a support (10) having a rectilinear inner arm ZOB (11) and a rectilinear outer arm (12), where the support is ZOB formed as a single piece. The application component has an ZOB applicator part (20) partially engaged between the inner and ZOB outer arms. The applicator part is extended, on a portion of its ZOB length where the applicator part is engaged between the inner ZOB and outer arms, all around the inner arm. The applicator part is ZOB made of elastomer material, or is formed by foam, felt or ZOB ceramic sleeve. An independent claim is also included for a ZOB device for applying a product on eyelashes and/or eyebrows. ZOB (From EP2332443 A1)
WO201046883	A device for dispensing a preparation, with automatic or semi-automaticadjustment of the properties of the preparation by means of an integrated sensorof the surroundings 	A cosmetic or dermatological system includes a packaging and ZOB dispenser device containing one or more compositions from ZOB which the dispensed preparation is prepared, a surroundings ZOB sensor that is suitable for delivering at least information ZOB associated with a physical magnitude of the surrounding ZOB environment of the device, an adjustment system that is ZOB coupled to or suitable for coupling to the packaging and ZOB dispenser device, and that enables at least one characteristic of ZOB the dispensed preparation to be varied, and a processor for ZOB automatically controlling the adjustment system as a function of ZOB data delivered by the surroundings sensor or for informing the ZOB user, as a function of the data, about an action to be exerted on ZOB the adjustment system. (From US8688268 B2)
WO201046885	A cosmetic or dermatological system including an internal clock and/or a clockdata receiver and an adjustment system enabling a characteristic of a preparationto be modified automatically as a function of clock data 	A cosmetic or dermatological system including a handheld ZOB packaging and dispenser device including one or more ZOB compositions from which a preparation to be delivered in a fluid ZOB form suitable for an application onto skin, mucous membranes ZOB or keratinous fibers, an internal clock and/or a clock data ZOB receiver, an adjustment system coupled to or suitable for being ZOB coupled to the packaging and dispenser device, enabling at ZOB least one property of the preparation dispensed by the ZOB packaging and dispenser device to be modified, and a ZOB processor for controlling the adjustment system, the controlling ZOB based on at least of clock data delivered by the internal clock ZOB and/or the clock data receiver, or for informing the user, at least ZOB as a function of the clock data, of an action to be taken on the ZOB adjustment system. (From US8588963 B2)
WO201004527	A device for treating human keratinous material 	A method of making up human keratinous material, the method ZOB including: acquiring at a first location and storing a starting ZOB image and/or starting relief of keratinous material; and ZOB reproducing on keratinous material of the same type an image ZOB for reproduction and/or relief for reproduction corresponding to ZOB the starting image and/or relief, possibly after performing ZOB processing, the image and/or relief for reproduction being ZOB reproduced at a second location that is different from the first ZOB location. (From US2011159463 A1)
WO201004526	A method of applying makeup and apparatus for implementing such a method 	A method of making up the skin or the lips, the method ZOB including measuring at least one optical characteristic at least ZOB one location of the skin or the lips; and automatically forming on ZOB the skin or lips a deposit that has an optical characteristic that ZOB varies and that corresponds substantially at said location, to the ZOB measured optical characteristic. (From US8695610 B2)
WO201004529	A makeup method and a device for implementing such a method 	The present invention provides a method of making up human ZOB keratinous material, the method comprising: taking at least two ZOB measurements of an optical characteristic of said keratinous ZOB material at different locations; and applying a composition to the ZOB keratinous material, the composition modifying a characteristic ZOB of the appearance of said keratinous material so as to give it an ZOB optical characteristic intermediate between the measured ZOB optical characteristics. (From US2011162673 A1)
WO201004530	A device for applying a composition on human keratinous material 	A device for applying a cosmetic composition on human ZOB keratinous material, the device comprising: a non-colorimetric ZOB detection system; an application system for applying the ZOB composition to keratinous material, comprising a reservoir ZOB containing the cosmetic composition; and a processor unit for ZOB controlling the application system as a function at least of data ZOB received from the detection system. (From US2011129283 A1)
FR2941357	Skin or hair cleaning process, involves cleaning substrate relative to grippingpart so as to bring new portion of substrate in treatment zone of portabletreatment system and to start cleaning stage again 	The process involves bringing an extraction portion (20) of a ZOB substrate in contact with a skin/hair in a treatment zone (22) of ZOB a portable treatment system (10) so as to take care of fatty ZOB substances present on the skin. The substrate is cleaned ZOB relative to a gripping part (11) by aspiration, propulsion of a fluid ZOB on the substrate, stretching/ compression of the substrate, set ZOB in contact of the substrate with an extraction material, ZOB thermolysis, photolysis, oxidation/reduction treatment, so as to ZOB bring a new portion of the substrate in the zone and to start the ZOB cleaning stage again. The extraction material has greater ZOB affinity for the fatty substances than the substrate. The fatty ZOB substance is a sebum. An INDEPENDENT CLAIM is also ZOB included for a portable treatment system of skin or hair, ZOB comprising a gripping part. (From FR2941357 A1)
FR2939284	A method of treating a keratinous fiber with light to obtain remanence of its shapeprior to irradiation 	A method of treating keratinous fibers, the method comprising ZOB the steps consisting in: a) shaping at least a portion of at least ZOB one keratinous fiber (F); and b) exposing said portion to at least ZOB one light pulse (R) tending to confer remanent deformation to ZOB the fiber, in particular a remanent shape corresponding to the ZOB shape to which the fiber has been put.
FR2939285	Human or animal keratin fiber i.e. dry hair, treating method, involves exposingportion of keratin fiber to light pulse to provide residual deformation to fiberportion, which conserves cross-section in which fiber is drawn 	#CMT# #/CMT# The method involves modifying a cross-section ZOB of a portion of a human or animal keratin fiber (F) by crushing ZOB and/or stretching of the fiber, and exposing the portion of the ZOB keratin fiber to a light pulse to provide a residual deformation to ZOB the portion of the keratin fiber, where the portion of the keratin ZOB fiber conserves the cross-section in which the fiber is drawn. ZOB The portion cross-section modifying process is carried out by ZOB exposition of the external pressure different from the ZOB atmospheric pressure. #CMT# : #/CMT# An independent claim ZOB is also included for a system for treating a portion of a human or ZOB animal keratin fiber. #CMT#USE : #/CMT# Method for treating a ZOB human or animal keratin fiber i.e. dry or sopping hair. ZOB #CMT#ADVANTAGE : #/CMT# The method enables changing ZOB the cross section of the fiber on the length portion of the keratin ZOB fiber in a durable and rapid manner without the problems of ZOB usage of the chemical compounds. #CMT#DESCRIPTION OF ZOB DRAWINGS : #/CMT# The drawing shows a schematic view of ZOB a processed keratin fiber. C : Scalp F : Human or animal keratin ZOB fiber Z : Locations. (From FR2939285 A1)
FR2937513	COSMETIC OR DERMATOLOGICAL SYSTEM WITH AUTOMATIC ADJUSTMENT OF the PROPERTIES OF the PRODUCT ACCORDING TO DATA TRANSMITTED BY an EXTERNAL TRANSMITTER WITH the SYSTEM (Stamp) 	A cosmetic or dermatological system includes a receiver of data ZOB related to current and/or future surrounding conditions ZOB transmitted by a data transmitter external to the system, a ZOB packaging and dispenser device containing one or more ZOB compositions from which a preparation is delivered, an ZOB adjustment system that is coupled to or suitable for coupling to ZOB the packaging and dispenser device, and that enables at least ZOB one characteristic of the dispensed preparation to be varied, ZOB and a processor for automatically controlling the adjustment ZOB system as a function of the received data or for informing the ZOB user, as a function of the received data, about an action to be ZOB exerted on the adjustment system. (From US2011247718 A1)
FR2937511	DEVICE OF DISTRIBUTION Of a PRODUCT WITH AUTOMATIC OR SEMIAUTOMATIC ADJUSTMENT OF the PROPERTIES OF the PRODUCT THANKS TO a SENSOR Of ENVIRONMENT INTEGRATES 	A cosmetic or dermatological system includes a packaging and ZOB dispenser device containing one or more compositions from ZOB which the dispensed preparation is prepared, a surroundings ZOB sensor that is suitable for delivering at least information ZOB associated with a physical magnitude of the surrounding ZOB environment of the device, an adjustment system that is ZOB coupled to or suitable for coupling to the packaging and ZOB dispenser device, and that enables at least one characteristic of ZOB the dispensed preparation to be varied, and a processor for ZOB automatically controlling the adjustment system as a function of ZOB data delivered by the surroundings sensor or for informing the ZOB user, as a function of the data, about an action to be exerted on ZOB the adjustment system. (From US8688268 B2)
FR2937512	COSMETIC SYSTEM COMPRISING a SYSTEM OF ADJUSTMENT Of a CHARACTERISTIC Of a PRODUCT ACCORDING TO INFORMATION Of CLOCK (Stamp) 	A cosmetic or dermatological system including a handheld ZOB packaging and dispenser device including one or more ZOB compositions from which a preparation to be delivered in a fluid ZOB form suitable for an application onto skin, mucous membranes ZOB or keratinous fibers, an internal clock and/or a clock data ZOB receiver, an adjustment system coupled to or suitable for being ZOB coupled to the packaging and dispenser device, enabling at ZOB least one property of the preparation dispensed by the ZOB packaging and dispenser device to be modified, and a ZOB processor for controlling the adjustment system, the controlling ZOB based on at least of clock data delivered by the internal clock ZOB and/or the clock data receiver, or for informing the user, at least ZOB as a function of the clock data, of an action to be taken on the ZOB adjustment system. (From US8588963 B2)
FR2933611	PROCESS OF MAKE-UP AND DEVICE FOR the IMPLEMENTATION Of SUCH a PROCESS. 	The present invention provides a method of making up human ZOB keratinous material, the method comprising: taking at least two ZOB measurements of an optical characteristic of said keratinous ZOB material at different locations; and applying a composition to the ZOB keratinous material, the composition modifying a characteristic ZOB of the appearance of said keratinous material so as to give it an ZOB optical characteristic intermediate between the measured ZOB optical characteristics. (From US2011162673 A1)
FR2931637	Cosmetic treatment e.g. coloring, method for human hair, involves abrading hairusing abrasion unit including abrasive and non-abrasive surfaces, and applyingcosmetic treatment product on hair before, after and/or during abrasion of hair 	The method involves abrading hair (C) using an abrasion unit, ZOB where the unit includes two opposite surfaces such as abrasive ZOB surface (5) and non-abrasive surface (6), in contact with hair ZOB during the abrasion. Cosmetic treatment product is applied on ZOB the hair before, after and/or during the abrasion of hair. ZOB Abrasive particles (8) are applied on the hair for the abrasion of ZOB hair, where the particles have hardness greater than or equal to ZOB 5 on Mohs scale. The abrasion unit is configured to project a jet ZOB of abrasive particles on the hair to realize the abrasion of the ZOB hair. An independent claim is also included for a hair treatment ZOB kit comprising an abrasion unit. (From FR2931637 A1)
FR2898903	Dyeing composition containing a thiol/disulphide fluorescent colorant comprisingamine groups and having an internal cationic charge, and method for lighteningkeratin materials using said colorant 	The invention relates to a dye composition comprising a ZOB thiol/disulfide fluorescent dye comprising amino groups, and to ZOB a dyeing process which has a lightening effect on keratin ZOB materials, in particular keratin fibers, especially human keratin ZOB fibers such as the hair, using said composition. It similarly ZOB relates to novel thiol/disulfide fluorescent dyes and to uses ZOB thereof in lightening keratin materials. This composition makes ZOB it possible to obtain a particularly resistant and visible lightening ZOB effect on dark keratin fibers. (From US8038732 B2)
EP1685825	Hair treating process and its uses 	Treatment of capillary fibers comprises applying reducing agent, rinsing, applying a cosmetic composition comprising non-/semicrystalline fixing polymer, ceroid and/or steroid, rising the temperature and applying an oxidizing agent Process of treatment of capillary fibers comprises: applying a reducing agent ; rinsing the capillary fibers; applying a cosmetic composition comprising a non-crystalline or semi-crystalline fixing polymer and/or a ceroid and/or a steroid , on the capillary fibers; rising the temperature of capillary fibers, with a heat source to 50-280[deg]C; and applying an oxidizing agent on capillary fibers.
